"";"ct_growthrate.specie_name";"ct_growthrate.trait_name";"ct_growthrate.value"
"1";"Isopora brueggemanni";"Growth rate";"74.8"
"2";"Acropora pulchra";"Growth rate";"16.7"
"3";"Acropora yongei";"Growth rate";"69.28"
"4";"Dipsastraea speciosa";"Growth rate";"5.6"
"5";"Goniastrea stelligera";"Growth rate";"10"
"6";"Hydnophora rigida";"Growth rate";"71"
"7";"Orbicella annularis";"Growth rate";"7.6"
"8";"Montipora foliosa";"Growth rate";"32.5"
"9";"Montipora undata";"Growth rate";"26"
"10";"Pavona cactus";"Growth rate";"28"
"11";"Pavona varians";"Growth rate";"5"
"12";"Pocillopora verrucosa";"Growth rate";"29.1"
"13";"Porites cylindrica";"Growth rate";"25"
"14";"Seriatopora hystrix";"Growth rate";"54.0"
"15";"Stylophora pistillata";"Growth rate";"33.5"
"16";"Turbinaria mesenterina";"Growth rate";"19.28"
"17";"Gardineroseris planulata";"Growth rate";"13.2"
"18";"Dipsastraea speciosa";"Growth rate";"4.6"
"19";"Goniastrea edwardsi";"Growth rate";"12.5"
"20";"Goniastrea retiformis";"Growth rate";"7.8"
"21";"Porites lutea";"Growth rate";"13.5"
"22";"Psammocora haimiana";"Growth rate";"29"
"23";"Platygyra daedalea";"Growth rate";"22"
"24";"Orbicella annularis";"Growth rate";"17"
"25";"Dipsastraea speciosa";"Growth rate";"7"
"26";"Dipsastraea speciosa";"Growth rate";"4.6"
"27";"Dipsastraea speciosa";"Growth rate";"6"
"28";"Dipsastraea speciosa";"Growth rate";"5"
"29";"Dipsastraea speciosa";"Growth rate";"4.5"
"30";"Dipsastraea speciosa";"Growth rate";"6"
"31";"Dipsastraea speciosa";"Growth rate";"8.5"
"32";"Dipsastraea speciosa";"Growth rate";"6.3"
"33";"Dipsastraea speciosa";"Growth rate";"7"
"34";"Dipsastraea speciosa";"Growth rate";"8"
"35";"Seriatopora hystrix";"Growth rate";"38.0"
"36";"Stylophora pistillata";"Growth rate";"34.8"
"37";"Astreopora myriophthalma";"Growth rate";"10.25"
"38";"Platygyra lamellina";"Growth rate";"7.4"
"39";"Oulophyllia crispa";"Growth rate";"22"
"40";"Porites lobata";"Growth rate";"10"
"41";"Goniastrea retiformis";"Growth rate";"7.8"
"42";"Porites lutea";"Growth rate";"6.5"
"43";"Porites lobata";"Growth rate";"11.5"
"44";"Porites lutea";"Growth rate";"11"
"45";"Porites lutea";"Growth rate";"5"
"46";"Porites lutea";"Growth rate";"5"
"47";"Goniastrea edwardsi";"Growth rate";"10"
"48";"Hydnophora microconos";"Growth rate";"11.5"
"49";"Oulophyllia crispa";"Growth rate";"20"
"50";"Astreopora myriophthalma";"Growth rate";"5.25"
"51";"Goniastrea retiformis";"Growth rate";"6"
"52";"Porites lobata";"Growth rate";"5.5"
"53";"Psammocora haimiana";"Growth rate";"30"
"54";"Herpolitha limax";"Growth rate";"10"
"55";"Pocillopora eydouxi";"Growth rate";"50"
"56";"Stylophora danae";"Growth rate";"12.0"
"57";"Seriatopora caliendrum";"Growth rate";"58.0"
"58";"Pocillopora danae";"Growth rate";"8.2"
"59";"Acropora speciosa";"Growth rate";"40.3"
"60";"Acropora muricata";"Growth rate";"154.7"
"61";"Pleuractis granulosa";"Growth rate";"3.65"
"62";"Pleuractis granulosa";"Growth rate";"3.52"
"63";"Pleuractis granulosa";"Growth rate";"5.13"
"64";"Pleuractis granulosa";"Growth rate";"9.9"
"65";"Pleuractis granulosa";"Growth rate";"5.13"
"66";"Pleuractis granulosa";"Growth rate";"7.48"
"67";"Pleuractis granulosa";"Growth rate";"9.67"
"68";"Pleuractis granulosa";"Growth rate";"3.55"
"69";"Pleuractis granulosa";"Growth rate";"9.01"
"70";"Pleuractis granulosa";"Growth rate";"3.42"
"71";"Pleuractis granulosa";"Growth rate";"6.05"
"72";"Pleuractis granulosa";"Growth rate";"8.98"
"73";"Pleuractis granulosa";"Growth rate";"2.47"
"74";"Pleuractis granulosa";"Growth rate";"1.4"
"75";"Pleuractis granulosa";"Growth rate";"11.81"
"76";"Pleuractis granulosa";"Growth rate";"6.84"
"77";"Pleuractis granulosa";"Growth rate";"4.06"
"78";"Pleuractis granulosa";"Growth rate";"3.11"
"79";"Pleuractis granulosa";"Growth rate";"4.39"
"80";"Pleuractis granulosa";"Growth rate";"4.95"
"81";"Pleuractis granulosa";"Growth rate";"6.3"
"82";"Pleuractis granulosa";"Growth rate";"8.73"
"83";"Pleuractis granulosa";"Growth rate";"5.15"
"84";"Pleuractis granulosa";"Growth rate";"4.75"
"85";"Pleuractis granulosa";"Growth rate";"3.67"
"86";"Pleuractis granulosa";"Growth rate";"1.94"
"87";"Pleuractis granulosa";"Growth rate";"2.83"
"88";"Pleuractis granulosa";"Growth rate";"6.97"
"89";"Pleuractis granulosa";"Growth rate";"4.26"
"90";"Pleuractis granulosa";"Growth rate";"9.64"
"91";"Pleuractis granulosa";"Growth rate";"3.42"
"92";"Pleuractis granulosa";"Growth rate";"4.26"
"93";"Pleuractis granulosa";"Growth rate";"8.73"
"94";"Pleuractis granulosa";"Growth rate";"4.72"
"95";"Pleuractis granulosa";"Growth rate";"3.9"
"96";"Pleuractis granulosa";"Growth rate";"6.33"
"97";"Pleuractis granulosa";"Growth rate";"2.17"
"98";"Pleuractis granulosa";"Growth rate";"3.95"
"99";"Pleuractis granulosa";"Growth rate";"8.88"
"100";"Pleuractis granulosa";"Growth rate";"7.09"
"101";"Pleuractis granulosa";"Growth rate";"10.1"
"102";"Pleuractis granulosa";"Growth rate";"1.73"
"103";"Pleuractis granulosa";"Growth rate";"9.95"
"104";"Pleuractis granulosa";"Growth rate";"6.66"
"105";"Pleuractis granulosa";"Growth rate";"7.14"
"106";"Pleuractis granulosa";"Growth rate";"5.69"
"107";"Pleuractis granulosa";"Growth rate";"4.98"
"108";"Pleuractis granulosa";"Growth rate";"4.75"
"109";"Pleuractis granulosa";"Growth rate";"15.44"
"110";"Pleuractis granulosa";"Growth rate";"6.56"
"111";"Pleuractis granulosa";"Growth rate";"6.23"
"112";"Pleuractis granulosa";"Growth rate";"11.79"
"113";"Pleuractis granulosa";"Growth rate";"6.02"
"114";"Pleuractis granulosa";"Growth rate";"2.63"
"115";"Pleuractis granulosa";"Growth rate";"2.76"
"116";"Pleuractis granulosa";"Growth rate";"2.81"
"117";"Pleuractis granulosa";"Growth rate";"4.85"
"118";"Pleuractis granulosa";"Growth rate";"5.1"
"119";"Pleuractis granulosa";"Growth rate";"8.65"
"120";"Pleuractis granulosa";"Growth rate";"1.73"
"121";"Pleuractis granulosa";"Growth rate";"6.02"
"122";"Pleuractis granulosa";"Growth rate";"6.61"
"123";"Pleuractis granulosa";"Growth rate";"6.99"
"124";"Pleuractis granulosa";"Growth rate";"11.15"
"125";"Pleuractis granulosa";"Growth rate";"3.32"
"126";"Pleuractis granulosa";"Growth rate";"8.55"
"127";"Pleuractis granulosa";"Growth rate";"0.92"
"128";"Pleuractis granulosa";"Growth rate";"9.11"
"129";"Pleuractis granulosa";"Growth rate";"5.51"
"130";"Pleuractis granulosa";"Growth rate";"1.56"
"131";"Pleuractis granulosa";"Growth rate";"3.27"
"132";"Pleuractis granulosa";"Growth rate";"6.94"
"133";"Pleuractis granulosa";"Growth rate";"3.88"
"134";"Pleuractis granulosa";"Growth rate";"4.62"
"135";"Pleuractis granulosa";"Growth rate";"1.53"
"136";"Pleuractis granulosa";"Growth rate";"1.28"
"137";"Pleuractis granulosa";"Growth rate";"12.6"
"138";"Pleuractis granulosa";"Growth rate";"7.78"
"139";"Pleuractis granulosa";"Growth rate";"15"
"140";"Pleuractis granulosa";"Growth rate";"8.73"
"141";"Pleuractis granulosa";"Growth rate";"5.89"
"142";"Pleuractis granulosa";"Growth rate";"8.09"
"143";"Pleuractis granulosa";"Growth rate";"8.11"
"144";"Pleuractis granulosa";"Growth rate";"10.18"
"145";"Pleuractis granulosa";"Growth rate";"2.07"
"146";"Pleuractis granulosa";"Growth rate";"5.18"
"147";"Pleuractis granulosa";"Growth rate";"4.47"
"148";"Pleuractis granulosa";"Growth rate";"1.33"
"149";"Pleuractis granulosa";"Growth rate";"6.66"
"150";"Pleuractis granulosa";"Growth rate";"3.52"
"151";"Pleuractis granulosa";"Growth rate";"7.09"
"152";"Pleuractis granulosa";"Growth rate";"7.37"
"153";"Pleuractis granulosa";"Growth rate";"2.63"
"154";"Pleuractis granulosa";"Growth rate";"2.91"
"155";"Pleuractis granulosa";"Growth rate";"5.79"
"156";"Pleuractis granulosa";"Growth rate";"1.07"
"157";"Pleuractis granulosa";"Growth rate";"0.77"
"158";"Pleuractis granulosa";"Growth rate";"6.07"
"159";"Pleuractis granulosa";"Growth rate";"3.6"
"160";"Pleuractis granulosa";"Growth rate";"3.47"
"161";"Pleuractis granulosa";"Growth rate";"1.53"
"162";"Pleuractis granulosa";"Growth rate";"12.27"
"163";"Pleuractis granulosa";"Growth rate";"11.89"
"164";"Pleuractis granulosa";"Growth rate";"2.32"
"165";"Pleuractis granulosa";"Growth rate";"7.48"
"166";"Pleuractis granulosa";"Growth rate";"8.04"
"167";"Pleuractis granulosa";"Growth rate";"11.41"
"168";"Pleuractis granulosa";"Growth rate";"8.62"
"169";"Pleuractis granulosa";"Growth rate";"7.58"
"170";"Pleuractis granulosa";"Growth rate";"2.55"
"171";"Pleuractis granulosa";"Growth rate";"6.51"
"172";"Pleuractis granulosa";"Growth rate";"5.49"
"173";"Pleuractis granulosa";"Growth rate";"1.91"
"174";"Pleuractis granulosa";"Growth rate";"13.78"
"175";"Pleuractis granulosa";"Growth rate";"7.32"
"176";"Pleuractis granulosa";"Growth rate";"3.57"
"177";"Pleuractis granulosa";"Growth rate";"13.75"
"178";"Pleuractis granulosa";"Growth rate";"3.95"
"179";"Pleuractis granulosa";"Growth rate";"4.82"
"180";"Pleuractis granulosa";"Growth rate";"6.51"
"181";"Pleuractis granulosa";"Growth rate";"1.81"
"182";"Pleuractis granulosa";"Growth rate";"1.66"
"183";"Pleuractis granulosa";"Growth rate";"1.79"
"184";"Pleuractis granulosa";"Growth rate";"6.66"
"185";"Pleuractis granulosa";"Growth rate";"2.02"
"186";"Pleuractis granulosa";"Growth rate";"1.96"
"187";"Pleuractis granulosa";"Growth rate";"4.06"
"188";"Pleuractis granulosa";"Growth rate";"5.74"
"189";"Pleuractis granulosa";"Growth rate";"2.19"
"190";"Acropora cervicornis";"Growth rate";"71"
"191";"Acropora cervicornis";"Growth rate";"73"
"192";"Acropora cervicornis";"Growth rate";"121"
"193";"Acropora palmata";"Growth rate";"58.5"
"194";"Acropora palmata";"Growth rate";"55.4"
"195";"Acropora palmata";"Growth rate";"82.7"
"196";"Acropora palmata";"Growth rate";"47.3"
"197";"Acropora palmata";"Growth rate";"99.3"
"198";"Acropora palmata";"Growth rate";"65.4"
"199";"Acropora prolifera";"Growth rate";"81.8"
"200";"Acropora prolifera";"Growth rate";"59.2"
"201";"Goniastrea edwardsi";"Growth rate";"6.95"
"202";"Goniastrea edwardsi";"Growth rate";"10"
"203";"Goniastrea retiformis";"Growth rate";"7.95"
"204";"Montipora capitata";"Growth rate";"32.12"
"205";"Montipora capitata";"Growth rate";"35.41"
"206";"Orbicella annularis";"Growth rate";"11.2"
"207";"Orbicella annularis";"Growth rate";"8.2"
"208";"Orbicella annularis";"Growth rate";"6.3"
"209";"Orbicella annularis";"Growth rate";"8.3"
"210";"Orbicella annularis";"Growth rate";"6.6"
"211";"Orbicella annularis";"Growth rate";"7"
"212";"Orbicella annularis";"Growth rate";"8.9"
"213";"Pocillopora eydouxi";"Growth rate";"50"
"214";"Porites astreoides";"Growth rate";"3.53"
"215";"Porites astreoides";"Growth rate";"3.36"
"216";"Porites astreoides";"Growth rate";"3.36"
"217";"Porites astreoides";"Growth rate";"3"
"218";"Porites australiensis";"Growth rate";"21.1"
"219";"Porites australiensis";"Growth rate";"13.4"
"220";"Porites australiensis";"Growth rate";"15.4"
"221";"Porites australiensis";"Growth rate";"19.5"
"222";"Porites australiensis";"Growth rate";"12.9"
"223";"Porites australiensis";"Growth rate";"6.7"
"224";"Porites australiensis";"Growth rate";"13.4"
"225";"Porites australiensis";"Growth rate";"4.9"
"226";"Porites australiensis";"Growth rate";"11.8"
"227";"Porites australiensis";"Growth rate";"12.9"
"228";"Porites australiensis";"Growth rate";"11.8"
"229";"Porites australiensis";"Growth rate";"8.7"
"230";"Porites lobata";"Growth rate";"9.77"
"231";"Porites lobata";"Growth rate";"5.5"
"232";"Porites lobata";"Growth rate";"11.7"
"233";"Porites lobata";"Growth rate";"22.2"
"234";"Porites lobata";"Growth rate";"23.6"
"235";"Porites lobata";"Growth rate";"6.7"
"236";"Porites lobata";"Growth rate";"2.6"
"237";"Porites lutea";"Growth rate";"11.63"
"238";"Porites lutea";"Growth rate";"5.58"
"239";"Porites lutea";"Growth rate";"3.6"
"240";"Porites lutea";"Growth rate";"9.8"
"241";"Porites lutea";"Growth rate";"5.1"
"242";"Porites lutea";"Growth rate";"21.6"
"243";"Porites lutea";"Growth rate";"12.9"
"244";"Porites lutea";"Growth rate";"10.3"
"245";"Porites lutea";"Growth rate";"10.7"
"246";"Porites lutea";"Growth rate";"11.07"
"247";"Porites lutea";"Growth rate";"11.445"
"248";"Porites solida";"Growth rate";"8.7"
"249";"Porites solida";"Growth rate";"15.4"
"250";"Porites solida";"Growth rate";"18"
"251";"Porites solida";"Growth rate";"18"
"252";"Porites astreoides";"Growth rate";"4.622"
"253";"Porites astreoides";"Growth rate";"4.85"
"254";"Porites astreoides";"Growth rate";"4.912"
"255";"Porites astreoides";"Growth rate";"6.487"
"256";"Porites astreoides";"Growth rate";"2.528"
"257";"Porites astreoides";"Growth rate";"2.197"
"258";"Porites astreoides";"Growth rate";"3.047"
"259";"Porites astreoides";"Growth rate";"3.565"
"260";"Porites astreoides";"Growth rate";"4.539"
"261";"Porites astreoides";"Growth rate";"4.021"
"262";"Porites astreoides";"Growth rate";"3.876"
"263";"Porites astreoides";"Growth rate";"2.28"
"264";"Porites astreoides";"Growth rate";"2.425"
"265";"Porites astreoides";"Growth rate";"2.528"
"266";"Porites astreoides";"Growth rate";"2.694"
"267";"Porites astreoides";"Growth rate";"3.067"
"268";"Porites astreoides";"Growth rate";"2.321"
"269";"Porites astreoides";"Growth rate";"2.425"
"270";"Porites astreoides";"Growth rate";"1.907"
"271";"Porites astreoides";"Growth rate";"2.591"
"272";"Porites astreoides";"Growth rate";"2.383"
"273";"Orbicella annularis";"Growth rate";"6.887"
"274";"Orbicella annularis";"Growth rate";"7.216"
"275";"Orbicella annularis";"Growth rate";"6.969"
"276";"Orbicella annularis";"Growth rate";"12.124"
"277";"Orbicella annularis";"Growth rate";"8.866"
"278";"Orbicella annularis";"Growth rate";"6.144"
"279";"Orbicella annularis";"Growth rate";"2.887"
"280";"Orbicella annularis";"Growth rate";"7.093"
"281";"Orbicella annularis";"Growth rate";"11.175"
"282";"Orbicella annularis";"Growth rate";"5.856"
"283";"Orbicella annularis";"Growth rate";"7.753"
"284";"Orbicella annularis";"Growth rate";"5.32"
"285";"Orbicella annularis";"Growth rate";"7.01"
"286";"Orbicella annularis";"Growth rate";"1.691"
"287";"Orbicella annularis";"Growth rate";"2.763"
"288";"Orbicella annularis";"Growth rate";"1.361"
"289";"Orbicella annularis";"Growth rate";"1.979"
"290";"Orbicella annularis";"Growth rate";"1.567"
"291";"Orbicella annularis";"Growth rate";"2.227"
"292";"Orbicella annularis";"Growth rate";"1.814"
"293";"Orbicella annularis";"Growth rate";"1.814"
"294";"Orbicella annularis";"Growth rate";"1.278"
"295";"Orbicella annularis";"Growth rate";"2.103"
"296";"Agaricia agaricites";"Growth rate";"1.098"
"297";"Agaricia agaricites";"Growth rate";"0.933"
"298";"Agaricia agaricites";"Growth rate";"1.005"
"299";"Agaricia agaricites";"Growth rate";"0.953"
"300";"Agaricia agaricites";"Growth rate";"0.788"
"301";"Agaricia agaricites";"Growth rate";"1.264"
"302";"Agaricia agaricites";"Growth rate";"1.482"
"303";"Agaricia agaricites";"Growth rate";"0.788"
"304";"Agaricia agaricites";"Growth rate";"1.067"
"305";"Agaricia agaricites";"Growth rate";"1.368"
"306";"Agaricia agaricites";"Growth rate";"1.109"
"307";"Agaricia agaricites";"Growth rate";"1.181"
"308";"Agaricia agaricites";"Growth rate";"0.912"
"309";"Agaricia agaricites";"Growth rate";"0.922"
"310";"Agaricia agaricites";"Growth rate";"1.617"
"311";"Agaricia agaricites";"Growth rate";"0.933"
"312";"Agaricia agaricites";"Growth rate";"1.627"
"313";"Agaricia agaricites";"Growth rate";"0.777"
"314";"Montastraea cavernosa";"Growth rate";"10"
"315";"Montastraea cavernosa";"Growth rate";"10"
"316";"Montastraea cavernosa";"Growth rate";"10"
"317";"Montastraea cavernosa";"Growth rate";"10"
"318";"Montastraea cavernosa";"Growth rate";"20"
"319";"Montastraea cavernosa";"Growth rate";"20"
"320";"Montastraea cavernosa";"Growth rate";"20"
"321";"Montastraea cavernosa";"Growth rate";"20"
"322";"Montastraea cavernosa";"Growth rate";"20"
"323";"Montastraea cavernosa";"Growth rate";"30"
"324";"Montastraea cavernosa";"Growth rate";"30"
"325";"Montastraea cavernosa";"Growth rate";"30"
"326";"Colpophyllia natans";"Growth rate";"5"
"327";"Colpophyllia natans";"Growth rate";"5"
"328";"Colpophyllia natans";"Growth rate";"5"
"329";"Colpophyllia natans";"Growth rate";"10"
"330";"Colpophyllia natans";"Growth rate";"10"
"331";"Colpophyllia natans";"Growth rate";"10"
"332";"Colpophyllia natans";"Growth rate";"10"
"333";"Colpophyllia natans";"Growth rate";"10"
"334";"Colpophyllia natans";"Growth rate";"20"
"335";"Colpophyllia natans";"Growth rate";"20"
"336";"Colpophyllia natans";"Growth rate";"20"
"337";"Colpophyllia natans";"Growth rate";"20"
"338";"Siderastrea siderea";"Growth rate";"10"
"339";"Siderastrea siderea";"Growth rate";"10"
"340";"Siderastrea siderea";"Growth rate";"20"
"341";"Siderastrea siderea";"Growth rate";"20"
"342";"Siderastrea siderea";"Growth rate";"20"
"343";"Siderastrea siderea";"Growth rate";"30"
"344";"Porites porites";"Growth rate";"5"
"345";"Porites porites";"Growth rate";"5"
"346";"Porites porites";"Growth rate";"20"
"347";"Porites porites";"Growth rate";"20"
"348";"Acropora cervicornis";"Growth rate";"110"
"349";"Acropora cervicornis";"Growth rate";"100"
"350";"Acropora cervicornis";"Growth rate";"85"
"351";"Acropora cervicornis";"Growth rate";"109"
"352";"Acropora cervicornis";"Growth rate";"111"
"353";"Acropora cervicornis";"Growth rate";"146"
"354";"Acropora cervicornis";"Growth rate";"82"
"355";"Acropora cervicornis";"Growth rate";"85"
"356";"Acropora cervicornis";"Growth rate";"92"
"357";"Acropora palmata";"Growth rate";"50"
"358";"Acropora palmata";"Growth rate";"90"
"359";"Acropora palmata";"Growth rate";"88"
"360";"Acropora palmata";"Growth rate";"90"
"361";"Acropora palmata";"Growth rate";"60"
"362";"Acropora palmata";"Growth rate";"60"
"363";"Acropora palmata";"Growth rate";"62"
"364";"Siderastrea siderea";"Growth rate";"7.7"
"365";"Siderastrea siderea";"Growth rate";"8"
"366";"Siderastrea siderea";"Growth rate";"7.5"
"367";"Siderastrea siderea";"Growth rate";"7.5"
"368";"Siderastrea siderea";"Growth rate";"7.7"
"369";"Siderastrea siderea";"Growth rate";"7.5"
"370";"Siderastrea siderea";"Growth rate";"7.3"
"371";"Siderastrea siderea";"Growth rate";"7"
"372";"Siderastrea siderea";"Growth rate";"7.1"
"373";"Siderastrea siderea";"Growth rate";"7.2"
"374";"Siderastrea siderea";"Growth rate";"7.1"
"375";"Siderastrea siderea";"Growth rate";"7.5"
"376";"Siderastrea siderea";"Growth rate";"7.6"
"377";"Siderastrea siderea";"Growth rate";"7.8"
"378";"Siderastrea siderea";"Growth rate";"7.5"
"379";"Montastraea cavernosa";"Growth rate";"6.7"
"380";"Montastraea cavernosa";"Growth rate";"6.4"
"381";"Montastraea cavernosa";"Growth rate";"6.1"
"382";"Montastraea cavernosa";"Growth rate";"6.7"
"383";"Montastraea cavernosa";"Growth rate";"6"
"384";"Montastraea cavernosa";"Growth rate";"6.8"
"385";"Orbicella annularis";"Growth rate";"7.7"
"386";"Orbicella annularis";"Growth rate";"8.5"
"387";"Orbicella annularis";"Growth rate";"7.9"
"388";"Orbicella annularis";"Growth rate";"7.9"
"389";"Orbicella annularis";"Growth rate";"7.8"
"390";"Orbicella annularis";"Growth rate";"7.7"
"391";"Orbicella annularis";"Growth rate";"7.5"
"392";"Orbicella annularis";"Growth rate";"7.3"
"393";"Orbicella annularis";"Growth rate";"7.2"
"394";"Orbicella annularis";"Growth rate";"8.9"
"395";"Orbicella annularis";"Growth rate";"8.4"
"396";"Orbicella annularis";"Growth rate";"8.1"
"397";"Orbicella annularis";"Growth rate";"7.9"
"398";"Orbicella annularis";"Growth rate";"7.5"
"399";"Orbicella annularis";"Growth rate";"7.5"
"400";"Orbicella franksi";"Growth rate";"5.2"
"401";"Orbicella franksi";"Growth rate";"5.1"
"402";"Orbicella franksi";"Growth rate";"5.5"
"403";"Orbicella franksi";"Growth rate";"6"
"404";"Orbicella franksi";"Growth rate";"6.1"
"405";"Orbicella franksi";"Growth rate";"5.9"
"406";"Porites astreoides";"Growth rate";"4.4"
"407";"Porites astreoides";"Growth rate";"4.5"
"408";"Porites astreoides";"Growth rate";"4.1"
"409";"Porites astreoides";"Growth rate";"3.5"
"410";"Porites astreoides";"Growth rate";"3.4"
"411";"Porites astreoides";"Growth rate";"3.2"
"412";"Porites astreoides";"Growth rate";"3.8"
"413";"Porites astreoides";"Growth rate";"3.6"
"414";"Porites astreoides";"Growth rate";"3.3"
"415";"Porites astreoides";"Growth rate";"5.4"
"416";"Porites astreoides";"Growth rate";"5.6"
"417";"Porites astreoides";"Growth rate";"5.1"
"418";"Porites astreoides";"Growth rate";"3.8"
"419";"Porites astreoides";"Growth rate";"4"
"420";"Porites astreoides";"Growth rate";"3.4"
"421";"Meandrina meandrites";"Growth rate";"1.2"
"422";"Meandrina meandrites";"Growth rate";"1.1"
"423";"Meandrina meandrites";"Growth rate";"1"
"424";"Meandrina meandrites";"Growth rate";"1.3"
"425";"Meandrina meandrites";"Growth rate";"1.1"
"426";"Meandrina meandrites";"Growth rate";"1"
"427";"Meandrina meandrites";"Growth rate";"1"
"428";"Meandrina meandrites";"Growth rate";"1.1"
"429";"Meandrina meandrites";"Growth rate";"1"
"430";"Meandrina meandrites";"Growth rate";"1.5"
"431";"Meandrina meandrites";"Growth rate";"1.6"
"432";"Meandrina meandrites";"Growth rate";"1.1"
"433";"Meandrina meandrites";"Growth rate";"1.1"
"434";"Meandrina meandrites";"Growth rate";"1.1"
"435";"Meandrina meandrites";"Growth rate";"1"
"436";"Colpophyllia natans";"Growth rate";"6.1"
"437";"Colpophyllia natans";"Growth rate";"6.4"
"438";"Colpophyllia natans";"Growth rate";"6.1"
"439";"Colpophyllia natans";"Growth rate";"6.4"
"440";"Colpophyllia natans";"Growth rate";"5.6"
"441";"Colpophyllia natans";"Growth rate";"6.1"
"442";"Colpophyllia natans";"Growth rate";"6.5"
"443";"Colpophyllia natans";"Growth rate";"6.2"
"444";"Colpophyllia natans";"Growth rate";"6.3"
"445";"Colpophyllia natans";"Growth rate";"7.1"
"446";"Colpophyllia natans";"Growth rate";"6.6"
"447";"Colpophyllia natans";"Growth rate";"6.5"
"448";"Colpophyllia natans";"Growth rate";"6.5"
"449";"Colpophyllia natans";"Growth rate";"6.6"
"450";"Colpophyllia natans";"Growth rate";"6.1"
"451";"Diploria labyrinthiformis";"Growth rate";"4.2"
"452";"Diploria labyrinthiformis";"Growth rate";"4.4"
"453";"Diploria labyrinthiformis";"Growth rate";"4"
"454";"Diploria labyrinthiformis";"Growth rate";"4.2"
"455";"Diploria labyrinthiformis";"Growth rate";"4.1"
"456";"Diploria labyrinthiformis";"Growth rate";"4.2"
"457";"Diploria labyrinthiformis";"Growth rate";"4"
"458";"Diploria labyrinthiformis";"Growth rate";"4.3"
"459";"Diploria labyrinthiformis";"Growth rate";"4.6"
"460";"Diploria labyrinthiformis";"Growth rate";"4.8"
"461";"Diploria labyrinthiformis";"Growth rate";"4.7"
"462";"Diploria labyrinthiformis";"Growth rate";"4.8"
"463";"Diploria labyrinthiformis";"Growth rate";"4.3"
"464";"Diploria labyrinthiformis";"Growth rate";"4.1"
"465";"Diploria labyrinthiformis";"Growth rate";"4.2"
"466";"Pocillopora damicornis";"Growth rate";"52.47"
"467";"Pocillopora damicornis";"Growth rate";"34.6"
"468";"Pocillopora damicornis";"Growth rate";"49.06"
"469";"Pocillopora damicornis";"Growth rate";"38.51"
"470";"Pocillopora damicornis";"Growth rate";"58.4"
"471";"Pocillopora damicornis";"Growth rate";"56.42"
"472";"Pocillopora damicornis";"Growth rate";"52.18"
"473";"Pocillopora damicornis";"Growth rate";"30.84"
"474";"Pocillopora damicornis";"Growth rate";"40.56"
"475";"Pocillopora damicornis";"Growth rate";"25.79"
"476";"Pocillopora damicornis";"Growth rate";"45.92"
"477";"Pocillopora damicornis";"Growth rate";"47.91"
"478";"Pavona clavus";"Growth rate";"21.06"
"479";"Pavona clavus";"Growth rate";"14.74"
"480";"Pavona clavus";"Growth rate";"12.3"
"481";"Pavona clavus";"Growth rate";"7.8"
"482";"Pavona clavus";"Growth rate";"16.82"
"483";"Pavona clavus";"Growth rate";"19.16"
"484";"Pavona clavus";"Growth rate";"16.72"
"485";"Pavona clavus";"Growth rate";"10.66"
"486";"Pavona clavus";"Growth rate";"11.52"
"487";"Pavona clavus";"Growth rate";"4.86"
"488";"Pavona clavus";"Growth rate";"14.04"
"489";"Pavona clavus";"Growth rate";"15.52"
"490";"Pavona gigantea";"Growth rate";"13.78"
"491";"Pavona gigantea";"Growth rate";"9.02"
"492";"Pavona gigantea";"Growth rate";"9.7"
"493";"Pavona gigantea";"Growth rate";"6.42"
"494";"Pavona gigantea";"Growth rate";"12.74"
"495";"Pavona gigantea";"Growth rate";"13.34"
"496";"Pavona gigantea";"Growth rate";"11.78"
"497";"Pavona gigantea";"Growth rate";"3.72"
"498";"Pavona gigantea";"Growth rate";"6.68"
"499";"Pavona gigantea";"Growth rate";"3.36"
"500";"Pavona gigantea";"Growth rate";"9.88"
"501";"Pavona gigantea";"Growth rate";"12.14"
"502";"Orbicella annularis";"Growth rate";"13.75"
"503";"Orbicella annularis";"Growth rate";"7.25"
"504";"Madracis asperula";"Growth rate";"22"
"505";"Porites porites";"Growth rate";"35.75"
"506";"Acropora cervicornis";"Growth rate";"122.7"
"507";"Orbicella annularis";"Growth rate";"7"
"508";"Orbicella annularis";"Growth rate";"8.6"
"509";"Madracis asperula";"Growth rate";"10.44"
"510";"Porites porites";"Growth rate";"21.83"
"511";"Acropora cervicornis";"Growth rate";"105.2"
"512";"Acropora cervicornis";"Growth rate";"14.1"
"513";"Acropora cervicornis";"Growth rate";"12.6"
"514";"Acropora cervicornis";"Growth rate";"10"
"515";"Acropora cervicornis";"Growth rate";"11.2"
"516";"Acropora cervicornis";"Growth rate";"7.4"
"517";"Acropora cervicornis";"Growth rate";"10.9"
"518";"Acropora cervicornis";"Growth rate";"15.9"
"519";"Acropora cervicornis";"Growth rate";"11.9"
"520";"Acropora cervicornis";"Growth rate";"13.4"
"521";"Acropora cervicornis";"Growth rate";"14"
"522";"Acropora cervicornis";"Growth rate";"12.6"
"523";"Acropora cervicornis";"Growth rate";"12"
"524";"Acropora cervicornis";"Growth rate";"8"
"525";"Acropora cervicornis";"Growth rate";"12"
"526";"Acropora cervicornis";"Growth rate";"9.2"
"527";"Acropora cervicornis";"Growth rate";"9.5"
"528";"Acropora cervicornis";"Growth rate";"14.8"
"529";"Acropora cervicornis";"Growth rate";"3.5"
"530";"Acropora cervicornis";"Growth rate";"5.2"
"531";"Plesiastrea versipora";"Growth rate";"6.9"
"532";"Plesiastrea versipora";"Growth rate";"2.1"
"533";"Plesiastrea versipora";"Growth rate";"5.8"
"534";"Plesiastrea versipora";"Growth rate";"5"
"535";"Plesiastrea versipora";"Growth rate";"2"
"536";"Plesiastrea versipora";"Growth rate";"2"
"537";"Plesiastrea versipora";"Growth rate";"1.5"
"538";"Plesiastrea versipora";"Growth rate";"7.8"
"539";"Acropora elseyi";"Growth rate";"0.25"
"540";"Acropora elseyi";"Growth rate";"0.49"
"541";"Acropora pulchra";"Growth rate";"0.56"
"542";"Acropora palmata";"Growth rate";"81"
"543";"Acropora palmata";"Growth rate";"69"
"544";"Acropora palmata";"Growth rate";"75"
"545";"Acropora palmata";"Growth rate";"62"
"546";"Porites lobata";"Growth rate";"6.65"
"547";"Porites lobata";"Growth rate";"6.91"
"548";"Porites lobata";"Growth rate";"6.88"
"549";"Porites lobata";"Growth rate";"6.38"
"550";"Porites lobata";"Growth rate";"8.24"
"551";"Porites lobata";"Growth rate";"4.82"
"552";"Porites lobata";"Growth rate";"7.33"
"553";"Porites lobata";"Growth rate";"7.93"
"554";"Porites lobata";"Growth rate";"9.36"
"555";"Porites lobata";"Growth rate";"8.14"
"556";"Porites lobata";"Growth rate";"8.14"
"557";"Porites columnaris";"Growth rate";"6.2"
"558";"Porites columnaris";"Growth rate";"4.72"
"559";"Porites columnaris";"Growth rate";"4.83"
"560";"Porites columnaris";"Growth rate";"5.82"
"561";"Porites columnaris";"Growth rate";"4.14"
"562";"Porites columnaris";"Growth rate";"6.75"
"563";"Porites columnaris";"Growth rate";"6.44"
"564";"Porites columnaris";"Growth rate";"5.26"
"565";"Porites columnaris";"Growth rate";"5.5"
"566";"Porites columnaris";"Growth rate";"6.19"
"567";"Pocillopora verrucosa";"Growth rate";"18"
"568";"Pocillopora verrucosa";"Growth rate";"37.9"
"569";"Acropora muricata";"Growth rate";"80"
"570";"Acropora muricata";"Growth rate";"124"
"571";"Acropora muricata";"Growth rate";"166"
"572";"Acropora nasuta";"Growth rate";"47.1"
"573";"Acropora nasuta";"Growth rate";"45.9"
"574";"Acropora nasuta";"Growth rate";"15.7"
"575";"Acropora nasuta";"Growth rate";"48"
"576";"Acropora cerealis";"Growth rate";"63.3"
"577";"Acropora cerealis";"Growth rate";"47.2"
"578";"Acropora cerealis";"Growth rate";"14.3"
"579";"Acropora cerealis";"Growth rate";"46.8"
"580";"Acropora hyacinthus";"Growth rate";"94.1"
"581";"Acropora hyacinthus";"Growth rate";"104.5"
"582";"Acropora humilis";"Growth rate";"21.3"
"583";"Acropora humilis";"Growth rate";"23.1"
"584";"Acropora humilis";"Growth rate";"24.3"
"585";"Pocillopora verrucosa";"Growth rate";"37.2"
"586";"Seriatopora hystrix";"Growth rate";"22.1"
"587";"Pocillopora damicornis";"Growth rate";"26.4"
"588";"Acropora muricata";"Growth rate";"79"
"589";"Acropora muricata";"Growth rate";"82"
"590";"Dipsastraea pallida";"Growth rate";"5.7"
"591";"Goniastrea retiformis";"Growth rate";"6.8"
"592";"Porites lutea";"Growth rate";"7.6"
"593";"Porites australiensis";"Growth rate";"9.5"
"594";"Pocillopora damicornis";"Growth rate";"8.965"
"595";"Pocillopora damicornis";"Growth rate";"6.235"
"596";"Pocillopora damicornis";"Growth rate";"3.535"
"597";"Pocillopora damicornis";"Growth rate";"5.89"
"598";"Pavona clavus";"Growth rate";"13.2"
"599";"Pavona clavus";"Growth rate";"9.3"
"600";"Pavona gigantea";"Growth rate";"8.5"
"601";"Acropora aspera";"Growth rate";"4.054"
"602";"Acropora aspera";"Growth rate";"4.332"
"603";"Acropora aspera";"Growth rate";"4.332"
"604";"Acropora aspera";"Growth rate";"3.33"
"605";"Acropora aspera";"Growth rate";"3.386"
"606";"Acropora aspera";"Growth rate";"4.128"
"607";"Acropora aspera";"Growth rate";"4.24"
"608";"Acropora aspera";"Growth rate";"4.295"
"609";"Acropora aspera";"Growth rate";"4.481"
"610";"Acropora aspera";"Growth rate";"4.332"
"611";"Acropora aspera";"Growth rate";"4.073"
"612";"Acropora aspera";"Growth rate";"4.704"
"613";"Acropora aspera";"Growth rate";"4.851"
"614";"Acropora aspera";"Growth rate";"4.907"
"615";"Acropora aspera";"Growth rate";"4.796"
"616";"Acropora aspera";"Growth rate";"3.924"
"617";"Acropora aspera";"Growth rate";"3.59"
"618";"Acropora aspera";"Growth rate";"4.035"
"619";"Acropora aspera";"Growth rate";"4.276"
"620";"Acropora aspera";"Growth rate";"4.388"
"621";"Acropora aspera";"Growth rate";"4.499"
"622";"Acropora aspera";"Growth rate";"5.019"
"623";"Acropora aspera";"Growth rate";"1.82"
"624";"Acropora aspera";"Growth rate";"2.35"
"625";"Acropora aspera";"Growth rate";"1.93"
"626";"Acropora aspera";"Growth rate";"3.96"
"627";"Acropora aspera";"Growth rate";"1.71"
"628";"Acropora aspera";"Growth rate";"2.89"
"629";"Acropora aspera";"Growth rate";"2.57"
"630";"Acropora aspera";"Growth rate";"4.6"
"631";"Acropora aspera";"Growth rate";"2.57"
"632";"Acropora aspera";"Growth rate";"4.39"
"633";"Acropora aspera";"Growth rate";"3.43"
"634";"Acropora aspera";"Growth rate";"6.1"
"635";"Acropora aspera";"Growth rate";"3.85"
"636";"Acropora aspera";"Growth rate";"6.1"
"637";"Acropora aspera";"Growth rate";"4.5"
"638";"Acropora aspera";"Growth rate";"7.7"
"639";"Diploastrea heliopora";"Growth rate";"2.688"
"640";"Diploastrea heliopora";"Growth rate";"2.69"
"641";"Diploastrea heliopora";"Growth rate";"2.577"
"642";"Diploastrea heliopora";"Growth rate";"2.616"
"643";"Diploastrea heliopora";"Growth rate";"2.313"
"644";"Diploastrea heliopora";"Growth rate";"2.117"
"645";"Diploastrea heliopora";"Growth rate";"2.812"
"646";"Diploastrea heliopora";"Growth rate";"2.516"
"647";"Diploastrea heliopora";"Growth rate";"2.498"
"648";"Diploastrea heliopora";"Growth rate";"2.128"
"649";"Diploastrea heliopora";"Growth rate";"2.653"
"650";"Diploastrea heliopora";"Growth rate";"2.529"
"651";"Diploastrea heliopora";"Growth rate";"2.659"
"652";"Diploastrea heliopora";"Growth rate";"2.828"
"653";"Diploastrea heliopora";"Growth rate";"2.477"
"654";"Diploastrea heliopora";"Growth rate";"2.506"
"655";"Diploastrea heliopora";"Growth rate";"2.775"
"656";"Diploastrea heliopora";"Growth rate";"2.236"
"657";"Diploastrea heliopora";"Growth rate";"2.426"
"658";"Diploastrea heliopora";"Growth rate";"1.991"
"659";"Diploastrea heliopora";"Growth rate";"2.112"
"660";"Diploastrea heliopora";"Growth rate";"2.015"
"661";"Diploastrea heliopora";"Growth rate";"2.07"
"662";"Diploastrea heliopora";"Growth rate";"2.371"
"663";"Diploastrea heliopora";"Growth rate";"2.088"
"664";"Diploastrea heliopora";"Growth rate";"2.144"
"665";"Diploastrea heliopora";"Growth rate";"1.772"
"666";"Orbicella annularis";"Growth rate";"7.3"
"667";"Orbicella annularis";"Growth rate";"5.8"
"668";"Orbicella annularis";"Growth rate";"6.2"
"669";"Orbicella annularis";"Growth rate";"6.4"
"670";"Orbicella annularis";"Growth rate";"5.5"
"671";"Orbicella annularis";"Growth rate";"9.4"
"672";"Orbicella annularis";"Growth rate";"9.8"
"673";"Orbicella annularis";"Growth rate";"7.8"
"674";"Orbicella annularis";"Growth rate";"9.8"
"675";"Orbicella annularis";"Growth rate";"6.2"
"676";"Orbicella annularis";"Growth rate";"7"
"677";"Orbicella annularis";"Growth rate";"8.4"
"678";"Orbicella annularis";"Growth rate";"7.5"
"679";"Orbicella annularis";"Growth rate";"8.4"
"680";"Orbicella annularis";"Growth rate";"9.1"
"681";"Orbicella annularis";"Growth rate";"9"
"682";"Orbicella annularis";"Growth rate";"10"
"683";"Orbicella annularis";"Growth rate";"8.1"
"684";"Orbicella annularis";"Growth rate";"7.5"
"685";"Orbicella annularis";"Growth rate";"8.2"
"686";"Orbicella annularis";"Growth rate";"6.7"
"687";"Orbicella annularis";"Growth rate";"8.6"
"688";"Orbicella annularis";"Growth rate";"8.1"
"689";"Orbicella annularis";"Growth rate";"7.1"
"690";"Orbicella annularis";"Growth rate";"8.7"
"691";"Orbicella annularis";"Growth rate";"7.5"
"692";"Orbicella annularis";"Growth rate";"7.5"
"693";"Orbicella annularis";"Growth rate";"7.7"
"694";"Orbicella annularis";"Growth rate";"8.6"
"695";"Orbicella annularis";"Growth rate";"9.9"
"696";"Orbicella annularis";"Growth rate";"7.5"
"697";"Orbicella annularis";"Growth rate";"8.8"
"698";"Orbicella annularis";"Growth rate";"6.7"
"699";"Orbicella annularis";"Growth rate";"8.5"
"700";"Orbicella annularis";"Growth rate";"4.8"
"701";"Orbicella annularis";"Growth rate";"10.2"
"702";"Orbicella annularis";"Growth rate";"7.1"
"703";"Orbicella annularis";"Growth rate";"9.3"
"704";"Orbicella annularis";"Growth rate";"8"
"705";"Orbicella annularis";"Growth rate";"8.3"
"706";"Orbicella annularis";"Growth rate";"7.6"
"707";"Orbicella annularis";"Growth rate";"7.3"
"708";"Orbicella annularis";"Growth rate";"7.1"
"709";"Orbicella annularis";"Growth rate";"8.2"
"710";"Orbicella annularis";"Growth rate";"9.7"
"711";"Orbicella annularis";"Growth rate";"10.1"
"712";"Orbicella annularis";"Growth rate";"9"
"713";"Orbicella annularis";"Growth rate";"8.5"
"714";"Orbicella annularis";"Growth rate";"7.7"
"715";"Orbicella annularis";"Growth rate";"6.8"
"716";"Orbicella annularis";"Growth rate";"10.1"
"717";"Orbicella annularis";"Growth rate";"9.9"
"718";"Orbicella annularis";"Growth rate";"9.2"
"719";"Orbicella annularis";"Growth rate";"12"
"720";"Orbicella annularis";"Growth rate";"9.1"
"721";"Orbicella annularis";"Growth rate";"7.6"
"722";"Orbicella annularis";"Growth rate";"9.9"
"723";"Orbicella annularis";"Growth rate";"8.4"
"724";"Orbicella annularis";"Growth rate";"10"
"725";"Orbicella annularis";"Growth rate";"8.3"
"726";"Orbicella annularis";"Growth rate";"7.3"
"727";"Orbicella annularis";"Growth rate";"8"
"728";"Orbicella annularis";"Growth rate";"9"
"729";"Orbicella annularis";"Growth rate";"9.2"
"730";"Orbicella annularis";"Growth rate";"8.4"
"731";"Orbicella annularis";"Growth rate";"11.4"
"732";"Orbicella annularis";"Growth rate";"10.5"
"733";"Orbicella annularis";"Growth rate";"10.8"
"734";"Orbicella annularis";"Growth rate";"10.1"
"735";"Orbicella annularis";"Growth rate";"7.3"
"736";"Orbicella annularis";"Growth rate";"9.4"
"737";"Orbicella annularis";"Growth rate";"9.5"
"738";"Orbicella annularis";"Growth rate";"10.4"
"739";"Orbicella annularis";"Growth rate";"8.9"
"740";"Orbicella annularis";"Growth rate";"8.9"
"741";"Orbicella annularis";"Growth rate";"7.5"
"742";"Orbicella annularis";"Growth rate";"7"
"743";"Orbicella annularis";"Growth rate";"7.3"
"744";"Orbicella annularis";"Growth rate";"9.5"
"745";"Orbicella annularis";"Growth rate";"8"
"746";"Orbicella annularis";"Growth rate";"9"
"747";"Orbicella annularis";"Growth rate";"9.1"
"748";"Orbicella annularis";"Growth rate";"10"
"749";"Orbicella annularis";"Growth rate";"11.9"
"750";"Orbicella annularis";"Growth rate";"9.9"
"751";"Orbicella annularis";"Growth rate";"13.3"
"752";"Orbicella annularis";"Growth rate";"9.9"
"753";"Orbicella annularis";"Growth rate";"11.1"
"754";"Orbicella annularis";"Growth rate";"10.7"
"755";"Orbicella annularis";"Growth rate";"12.5"
"756";"Orbicella annularis";"Growth rate";"9.6"
"757";"Orbicella annularis";"Growth rate";"10.7"
"758";"Orbicella annularis";"Growth rate";"15.4"
"759";"Orbicella annularis";"Growth rate";"10.9"
"760";"Orbicella annularis";"Growth rate";"9.2"
"761";"Orbicella annularis";"Growth rate";"8.4"
"762";"Orbicella annularis";"Growth rate";"8.9"
"763";"Orbicella annularis";"Growth rate";"10"
"764";"Orbicella annularis";"Growth rate";"8.4"
"765";"Orbicella annularis";"Growth rate";"10.8"
"766";"Orbicella annularis";"Growth rate";"10.5"
"767";"Orbicella annularis";"Growth rate";"7.5"
"768";"Orbicella annularis";"Growth rate";"10.6"
"769";"Orbicella annularis";"Growth rate";"9.7"
"770";"Orbicella annularis";"Growth rate";"9.3"
"771";"Orbicella annularis";"Growth rate";"8.7"
"772";"Orbicella annularis";"Growth rate";"9.5"
"773";"Orbicella annularis";"Growth rate";"7"
"774";"Orbicella annularis";"Growth rate";"8.3"
"775";"Orbicella annularis";"Growth rate";"7.3"
"776";"Orbicella annularis";"Growth rate";"8.7"
"777";"Orbicella annularis";"Growth rate";"7.5"
"778";"Orbicella annularis";"Growth rate";"8.5"
"779";"Orbicella annularis";"Growth rate";"8.5"
"780";"Orbicella annularis";"Growth rate";"10.2"
"781";"Orbicella annularis";"Growth rate";"8.8"
"782";"Orbicella annularis";"Growth rate";"7"
"783";"Orbicella annularis";"Growth rate";"7"
"784";"Orbicella annularis";"Growth rate";"6.6"
"785";"Orbicella annularis";"Growth rate";"6"
"786";"Orbicella annularis";"Growth rate";"6.5"
"787";"Orbicella annularis";"Growth rate";"8.2"
"788";"Orbicella annularis";"Growth rate";"7.2"
"789";"Orbicella annularis";"Growth rate";"8.7"
"790";"Orbicella annularis";"Growth rate";"8.2"
"791";"Orbicella annularis";"Growth rate";"7.6"
"792";"Orbicella annularis";"Growth rate";"9.9"
"793";"Orbicella annularis";"Growth rate";"8.4"
"794";"Orbicella annularis";"Growth rate";"10"
"795";"Orbicella annularis";"Growth rate";"8.3"
"796";"Orbicella annularis";"Growth rate";"7.3"
"797";"Orbicella annularis";"Growth rate";"8"
"798";"Orbicella annularis";"Growth rate";"9"
"799";"Orbicella annularis";"Growth rate";"9.2"
"800";"Orbicella annularis";"Growth rate";"8.4"
"801";"Orbicella annularis";"Growth rate";"11.4"
"802";"Orbicella annularis";"Growth rate";"10.5"
"803";"Orbicella annularis";"Growth rate";"10.8"
"804";"Orbicella annularis";"Growth rate";"10.1"
"805";"Orbicella annularis";"Growth rate";"7.3"
"806";"Orbicella annularis";"Growth rate";"9.4"
"807";"Orbicella annularis";"Growth rate";"9.5"
"808";"Orbicella annularis";"Growth rate";"10.4"
"809";"Orbicella annularis";"Growth rate";"8.9"
"810";"Orbicella annularis";"Growth rate";"8.9"
"811";"Orbicella annularis";"Growth rate";"7.5"
"812";"Orbicella annularis";"Growth rate";"7"
"813";"Orbicella annularis";"Growth rate";"7.3"
"814";"Orbicella annularis";"Growth rate";"9.5"
"815";"Orbicella annularis";"Growth rate";"8"
"816";"Orbicella annularis";"Growth rate";"7.1"
"817";"Orbicella annularis";"Growth rate";"9.1"
"818";"Orbicella annularis";"Growth rate";"7.2"
"819";"Orbicella annularis";"Growth rate";"8.8"
"820";"Orbicella annularis";"Growth rate";"7"
"821";"Orbicella annularis";"Growth rate";"6.8"
"822";"Orbicella annularis";"Growth rate";"7.9"
"823";"Orbicella annularis";"Growth rate";"7.7"
"824";"Orbicella annularis";"Growth rate";"8.4"
"825";"Orbicella annularis";"Growth rate";"7.8"
"826";"Orbicella annularis";"Growth rate";"8.4"
"827";"Acropora muricata";"Growth rate";"0.17"
"828";"Acropora muricata";"Growth rate";"0.31"
"829";"Acropora cytherea";"Growth rate";"58.1"
"830";"Acropora divaricata";"Growth rate";"41.5"
"831";"Acropora humilis";"Growth rate";"19.3"
"832";"Acropora hyacinthus";"Growth rate";"43.3"
"833";"Pocillopora verrucosa";"Growth rate";"25.1"
"834";"Porites lichen";"Growth rate";"16.3"
"835";"Porites lobata";"Growth rate";"12.1"
"836";"Porites nigrescens";"Growth rate";"17.8"
"837";"Montipora verrucosa";"Growth rate";"0.1"
"838";"Montipora verrucosa";"Growth rate";"0.046"
"839";"Porites compressa";"Growth rate";"0.079"
"840";"Porites compressa";"Growth rate";"0.077"
"841";"Montipora verrucosa";"Growth rate";"0.121"
"842";"Montipora verrucosa";"Growth rate";"0.078"
"843";"Porites compressa";"Growth rate";"0.095"
"844";"Porites compressa";"Growth rate";"0.093"
"845";"Montipora verrucosa";"Growth rate";"0.084"
"846";"Montipora verrucosa";"Growth rate";"0.104"
"847";"Montipora verrucosa";"Growth rate";"0.008"
"848";"Montipora verrucosa";"Growth rate";"0.084"
"849";"Porites compressa";"Growth rate";"0.086"
"850";"Porites compressa";"Growth rate";"0.096"
"851";"Porites compressa";"Growth rate";"0.074"
"852";"Porites compressa";"Growth rate";"0.089"
"853";"Acropora cervicornis";"Growth rate";"146"
"854";"Acropora cervicornis";"Growth rate";"110"
"855";"Acropora cervicornis";"Growth rate";"125"
"856";"Acropora cervicornis";"Growth rate";"90"
"857";"Acropora cervicornis";"Growth rate";"85"
"858";"Acropora palmata";"Growth rate";"60"
"859";"Acropora palmata";"Growth rate";"80"
"860";"Acropora palmata";"Growth rate";"55"
"861";"Acropora palmata";"Growth rate";"65"
"862";"Porites astreoides";"Growth rate";"5.78"
"863";"Porites astreoides";"Growth rate";"3.52"
"864";"Porites astreoides";"Growth rate";"4"
"865";"Porites astreoides";"Growth rate";"4.2"
"866";"Porites astreoides";"Growth rate";"4.8"
"867";"Porites astreoides";"Growth rate";"4.33"
"868";"Acropora valenciennesi";"Growth rate";"71"
"869";"Acropora valenciennesi";"Growth rate";"113"
"870";"Acropora valenciennesi";"Growth rate";"135"
"871";"Acropora valenciennesi";"Growth rate";"282"
"872";"Acropora valenciennesi";"Growth rate";"142"
"873";"Acropora valenciennesi";"Growth rate";"333"
"874";"Porites lutea";"Growth rate";"3.98"
"875";"Porites lutea";"Growth rate";"10.04"
"876";"Porites lutea";"Growth rate";"15.26"
"877";"Porites cylindrica";"Growth rate";"2.62"
"878";"Porites cylindrica";"Growth rate";"1.732"
"879";"Porites cylindrica";"Growth rate";"1.056"
"880";"Porites rus";"Growth rate";"2.095"
"881";"Porites rus";"Growth rate";"1.274"
"882";"Porites rus";"Growth rate";"0.441"
"883";"Merulina ampliata";"Growth rate";"1.406"
"884";"Merulina ampliata";"Growth rate";"0.561"
"885";"Merulina ampliata";"Growth rate";"2.065"
"886";"Merulina ampliata";"Growth rate";"1.909"
"887";"Merulina ampliata";"Growth rate";"3.097"
"888";"Merulina ampliata";"Growth rate";"1.785"
"889";"Merulina ampliata";"Growth rate";"2.245"
"890";"Merulina ampliata";"Growth rate";"1.928"
"891";"Diploria labyrinthiformis";"Growth rate";"4.43"
"892";"Diploria labyrinthiformis";"Growth rate";"3.43"
"893";"Diploria labyrinthiformis";"Growth rate";"4.47"
"894";"Diploria labyrinthiformis";"Growth rate";"3.57"
"895";"Orbicella annularis";"Growth rate";"0.86"
"896";"Orbicella annularis";"Growth rate";"1.16"
"897";"Orbicella annularis";"Growth rate";"0.92"
"898";"Orbicella annularis";"Growth rate";"0.9"
"899";"Orbicella annularis";"Growth rate";"0.95"
"900";"Orbicella annularis";"Growth rate";"1.15"
"901";"Orbicella annularis";"Growth rate";"0.79"
"902";"Orbicella annularis";"Growth rate";"1"
"903";"Porites compressa";"Growth rate";"5.9"
"904";"Porites compressa";"Growth rate";"8.8"
"905";"Orbicella annularis";"Growth rate";"6.68"
"906";"Orbicella annularis";"Growth rate";"6.68"
"907";"Orbicella annularis";"Growth rate";"4.28"
"908";"Orbicella annularis";"Growth rate";"4.79"
"909";"Orbicella annularis";"Growth rate";"2.14"
"910";"Orbicella annularis";"Growth rate";"5.09"
"911";"Orbicella annularis";"Growth rate";"4.82"
"912";"Orbicella annularis";"Growth rate";"1.7"
"913";"Orbicella annularis";"Growth rate";"1.86"
"914";"Orbicella annularis";"Growth rate";"4.74"
"915";"Orbicella annularis";"Growth rate";"1.54"
"916";"Orbicella annularis";"Growth rate";"4.83"
"917";"Orbicella annularis";"Growth rate";"4.83"
"918";"Orbicella annularis";"Growth rate";"1.63"
"919";"Orbicella annularis";"Growth rate";"6.68"
"920";"Orbicella annularis";"Growth rate";"4.82"
"921";"Orbicella annularis";"Growth rate";"1.7"
"922";"Orbicella annularis";"Growth rate";"1.63"
"923";"Orbicella annularis";"Growth rate";"4.83"
"924";"Porites lobata";"Growth rate";"16.1"
"925";"Porites lobata";"Growth rate";"15.4"
"926";"Porites lobata";"Growth rate";"13.5"
"927";"Porites lobata";"Growth rate";"16"
"928";"Porites lobata";"Growth rate";"13.7"
"929";"Porites lobata";"Growth rate";"16.2"
"930";"Porites lobata";"Growth rate";"14"
"931";"Porites lobata";"Growth rate";"14"
"932";"Porites lobata";"Growth rate";"16.3"
"933";"Porites lobata";"Growth rate";"16"
"934";"Porites lobata";"Growth rate";"11.7"
"935";"Porites lobata";"Growth rate";"13.5"
"936";"Porites lobata";"Growth rate";"13.8"
"937";"Porites astreoides";"Growth rate";"3.53"
"938";"Porites astreoides";"Growth rate";"4.33"
"939";"Porites astreoides";"Growth rate";"3.58"
"940";"Porites astreoides";"Growth rate";"4.81"
"941";"Porites astreoides";"Growth rate";"2.95"
"942";"Porites astreoides";"Growth rate";"3.63"
"943";"Porites astreoides";"Growth rate";"3.83"
"944";"Porites astreoides";"Growth rate";"4.09"
"945";"Porites astreoides";"Growth rate";"2.79"
"946";"Porites astreoides";"Growth rate";"4.41"
"947";"Porites astreoides";"Growth rate";"3.16"
"948";"Porites astreoides";"Growth rate";"2.94"
"949";"Acropora gomezi";"Growth rate";"0.16"
"950";"Acropora gomezi";"Growth rate";"0.0075"
"951";"Pavona cactus";"Growth rate";"0.114"
"952";"Pavona cactus";"Growth rate";"0.121"
"953";"Pavona clavus";"Growth rate";"6.1"
"954";"Pavona clavus";"Growth rate";"9.9"
"955";"Gardineroseris planulata";"Growth rate";"10.4"
"956";"Pavona clavus";"Growth rate";"9.6"
"957";"Pavona gigantea";"Growth rate";"8.3"
"958";"Pavona varians";"Growth rate";"3.5"
"959";"Pocillopora damicornis";"Growth rate";"29.8"
"960";"Pocillopora damicornis";"Growth rate";"34.6"
"961";"Pocillopora elegans";"Growth rate";"31.7"
"962";"Pocillopora elegans";"Growth rate";"34.8"
"963";"Porites lobata";"Growth rate";"15.3"
"964";"Porites lobata";"Growth rate";"11.7"
"965";"Porites lobata";"Growth rate";"10.5"
"966";"Psammocora superficialis";"Growth rate";"6.2"
"967";"Porites lobata";"Growth rate";"8.4"
"968";"Pavona gigantea";"Growth rate";"7"
"969";"Pavona clavus";"Growth rate";"7.6"
"970";"Porites lobata";"Growth rate";"7.5"
"971";"Porites lobata";"Growth rate";"4.5"
"972";"Pocillopora damicornis";"Growth rate";"21.3"
"973";"Pocillopora damicornis";"Growth rate";"13.8"
"974";"Montipora digitata";"Growth rate";"2.545"
"975";"Montipora digitata";"Growth rate";"2.66"
"976";"Montipora digitata";"Growth rate";"3.069"
"977";"Montipora digitata";"Growth rate";"2.124"
"978";"Montipora digitata";"Growth rate";"1.952"
"979";"Montipora digitata";"Growth rate";"2.494"
"980";"Montipora digitata";"Growth rate";"2.667"
"981";"Montipora digitata";"Growth rate";"1.818"
"982";"Montipora digitata";"Growth rate";"2.348"
"983";"Orbicella annularis";"Growth rate";"0.6"
"984";"Orbicella annularis";"Growth rate";"0.4"
"985";"Orbicella annularis";"Growth rate";"0.4"
"986";"Orbicella annularis";"Growth rate";"0.5"
"987";"Orbicella faveolata";"Growth rate";"0.5"
"988";"Orbicella faveolata";"Growth rate";"0.5"
"989";"Orbicella faveolata";"Growth rate";"0.7"
"990";"Orbicella faveolata";"Growth rate";"0.7"
"991";"Pavona clavus";"Growth rate";"12.7"
"992";"Pavona clavus";"Growth rate";"20.6"
"993";"Pavona clavus";"Growth rate";"15.8"
"994";"Pavona clavus";"Growth rate";"23"
"995";"Pavona clavus";"Growth rate";"20.7"
"996";"Pavona clavus";"Growth rate";"16.3"
"997";"Pavona clavus";"Growth rate";"18.5"
"998";"Pavona clavus";"Growth rate";"18"
"999";"Pavona clavus";"Growth rate";"17.1"
"1000";"Pavona clavus";"Growth rate";"20.5"
"1001";"Pavona clavus";"Growth rate";"16.3"
"1002";"Pocillopora damicornis";"Growth rate";"53.1"
"1003";"Pocillopora damicornis";"Growth rate";"66.8"
"1004";"Pocillopora damicornis";"Growth rate";"38"
"1005";"Pocillopora elegans";"Growth rate";"43.8"
"1006";"Pocillopora elegans";"Growth rate";"41.2"
"1007";"Pocillopora elegans";"Growth rate";"52.1"
"1008";"Pocillopora eydouxi";"Growth rate";"30.8"
"1009";"Pocillopora inflata";"Growth rate";"31.5"
"1010";"Pocillopora meandrina";"Growth rate";"44.6"
"1011";"Pocillopora meandrina";"Growth rate";"34.2"
"1012";"Psammocora stellata";"Growth rate";"9.5"
"1013";"Psammocora stellata";"Growth rate";"18.7"
"1014";"Heliofungia actiniformis";"Growth rate";"5.76"
"1015";"Acropora tumida";"Growth rate";"8.3"
"1016";"Dipsastraea speciosa";"Growth rate";"9.6"
"1017";"Favites abdita";"Growth rate";"0.8"
"1018";"Platygyra sinensis";"Growth rate";"11.9"
"1019";"Pocillopora damicornis";"Growth rate";"1.19"
"1020";"Pocillopora damicornis";"Growth rate";"1.15"
"1021";"Acropora palmata";"Growth rate";"69"
"1022";"Gardineroseris planulata";"Growth rate";"6.1"
"1023";"Pavona clavus";"Growth rate";"12.1"
"1024";"Pavona clavus";"Growth rate";"7.9"
"1025";"Pavona gigantea";"Growth rate";"11.2"
"1026";"Pavona gigantea";"Growth rate";"7.5"
"1027";"Pavona varians";"Growth rate";"3"
"1028";"Pavona varians";"Growth rate";"3.7"
"1029";"Pocillopora damicornis";"Growth rate";"28.2"
"1030";"Pocillopora damicornis";"Growth rate";"27.5"
"1031";"Pocillopora elegans";"Growth rate";"28.1"
"1032";"Pocillopora elegans";"Growth rate";"26.6"
"1033";"Montipora capitata";"Growth rate";"22.33"
"1034";"Montipora capitata";"Growth rate";"13.375"
"1035";"Porites compressa";"Growth rate";"15.232"
"1036";"Porites compressa";"Growth rate";"8.731"
"1037";"Pocillopora meandrina";"Growth rate";"5.062"
"1038";"Pocillopora meandrina";"Growth rate";"3.019"
"1039";"Porites lobata";"Growth rate";"6.78"
"1040";"Porites lobata";"Growth rate";"7.384"
"1041";"Cyphastrea ocellina";"Growth rate";"4.18"
"1042";"Cyphastrea ocellina";"Growth rate";"2.33"
"1043";"Pocillopora damicornis";"Growth rate";"17.1"
"1044";"Pocillopora damicornis";"Growth rate";"8.05"
"1045";"Agaricia agaricites";"Growth rate";"1.6"
"1046";"Agaricia agaricites";"Growth rate";"1.6"
"1047";"Colpophyllia natans";"Growth rate";"4.1"
"1048";"Diploria labyrinthiformis";"Growth rate";"4.6"
"1049";"Diploria labyrinthiformis";"Growth rate";"3.4"
"1050";"Diploria labyrinthiformis";"Growth rate";"3.25"
"1051";"Montastraea cavernosa";"Growth rate";"3.2"
"1052";"Montastraea cavernosa";"Growth rate";"4.5"
"1053";"Montastraea cavernosa";"Growth rate";"3.4"
"1054";"Montastraea cavernosa";"Growth rate";"2.9"
"1055";"Orbicella annularis";"Growth rate";"1.5"
"1056";"Orbicella annularis";"Growth rate";"1.6"
"1057";"Orbicella annularis";"Growth rate";"1.8"
"1058";"Orbicella annularis";"Growth rate";"1.7"
"1059";"Orbicella annularis";"Growth rate";"1.3"
"1060";"Orbicella annularis";"Growth rate";"8.3"
"1061";"Orbicella annularis";"Growth rate";"5.4"
"1062";"Orbicella annularis";"Growth rate";"6.3"
"1063";"Orbicella annularis";"Growth rate";"6.5"
"1064";"Orbicella annularis";"Growth rate";"7.6"
"1065";"Orbicella annularis";"Growth rate";"8.9"
"1066";"Orbicella annularis";"Growth rate";"8.9"
"1067";"Orbicella annularis";"Growth rate";"7.4"
"1068";"Orbicella annularis";"Growth rate";"3.4"
"1069";"Orbicella annularis";"Growth rate";"7.4"
"1070";"Orbicella annularis";"Growth rate";"4.4"
"1071";"Orbicella annularis";"Growth rate";"4.9"
"1072";"Orbicella annularis";"Growth rate";"8.3"
"1073";"Orbicella annularis";"Growth rate";"7.4"
"1074";"Orbicella annularis";"Growth rate";"2.4"
"1075";"Orbicella annularis";"Growth rate";"2.8"
"1076";"Orbicella annularis";"Growth rate";"3.4"
"1077";"Orbicella annularis";"Growth rate";"2"
"1078";"Orbicella annularis";"Growth rate";"2.5"
"1079";"Orbicella annularis";"Growth rate";"1.8"
"1080";"Orbicella annularis";"Growth rate";"2.5"
"1081";"Orbicella annularis";"Growth rate";"1.8"
"1082";"Orbicella annularis";"Growth rate";"1.5"
"1083";"Orbicella annularis";"Growth rate";"1.5"
"1084";"Orbicella annularis";"Growth rate";"2.2"
"1085";"Orbicella annularis";"Growth rate";"0.7"
"1086";"Orbicella annularis";"Growth rate";"7.8"
"1087";"Orbicella annularis";"Growth rate";"6.8"
"1088";"Orbicella annularis";"Growth rate";"9.2"
"1089";"Orbicella annularis";"Growth rate";"9.3"
"1090";"Orbicella annularis";"Growth rate";"8.3"
"1091";"Orbicella annularis";"Growth rate";"8.3"
"1092";"Orbicella annularis";"Growth rate";"7.2"
"1093";"Orbicella annularis";"Growth rate";"8.8"
"1094";"Orbicella annularis";"Growth rate";"4.3"
"1095";"Orbicella annularis";"Growth rate";"10.2"
"1096";"Orbicella annularis";"Growth rate";"5.4"
"1097";"Orbicella annularis";"Growth rate";"3.9"
"1098";"Orbicella annularis";"Growth rate";"2.5"
"1099";"Orbicella annularis";"Growth rate";"2.2"
"1100";"Orbicella annularis";"Growth rate";"1.5"
"1101";"Orbicella annularis";"Growth rate";"2.3"
"1102";"Orbicella annularis";"Growth rate";"2.2"
"1103";"Orbicella annularis";"Growth rate";"1.4"
"1104";"Orbicella annularis";"Growth rate";"10.7"
"1105";"Orbicella annularis";"Growth rate";"11.9"
"1106";"Orbicella annularis";"Growth rate";"6.5"
"1107";"Orbicella annularis";"Growth rate";"6.1"
"1108";"Orbicella annularis";"Growth rate";"7.5"
"1109";"Porites astreoides";"Growth rate";"1.9"
"1110";"Porites astreoides";"Growth rate";"3.1"
"1111";"Porites astreoides";"Growth rate";"2.5"
"1112";"Siderastrea siderea";"Growth rate";"1.5"
"1113";"Siderastrea siderea";"Growth rate";"2.6"
"1114";"Siderastrea siderea";"Growth rate";"2.5"
"1115";"Siderastrea siderea";"Growth rate";"2.3"
"1116";"Siderastrea siderea";"Growth rate";"3.1"
"1117";"Stephanocoenia intersepta";"Growth rate";"1.8"
"1118";"Montipora digitata";"Growth rate";"138.5"
"1119";"Montipora digitata";"Growth rate";"57.81"
"1120";"Acropora cytherea";"Growth rate";"20.9"
"1121";"Acropora robusta";"Growth rate";"22.4"
"1122";"Acropora solitaryensis";"Growth rate";"16.7"
"1123";"Acropora valida";"Growth rate";"23.6"
"1124";"Pocillopora damicornis";"Growth rate";"12.4"
"1125";"Turbinaria frondens";"Growth rate";"14"
"1126";"Acropora yongei";"Growth rate";"49.4"
"1127";"Cyphastrea serailia";"Growth rate";"2.6"
"1128";"Cyphastrea serailia";"Growth rate";"3.4"
"1129";"Dipsastraea pallida";"Growth rate";"4.6"
"1130";"Dipsastraea pallida";"Growth rate";"3.3"
"1131";"Paragoniastrea australensis";"Growth rate";"2.9"
"1132";"Paragoniastrea australensis";"Growth rate";"2.8"
"1133";"Astrea curta";"Growth rate";"2.7"
"1134";"Astrea curta";"Growth rate";"2.5"
"1135";"Pocillopora damicornis";"Growth rate";"16.1"
"1136";"Porites heronensis";"Growth rate";"10.5"
"1137";"Seriatopora hystrix";"Growth rate";"16.7"
"1138";"Diploria labyrinthiformis";"Growth rate";"4.68"
"1139";"Diploria labyrinthiformis";"Growth rate";"3.18"
"1140";"Diploria labyrinthiformis";"Growth rate";"2.98"
"1141";"Porites astreoides";"Growth rate";"1.8"
"1142";"Porites astreoides";"Growth rate";"3.4"
"1143";"Porites astreoides";"Growth rate";"2.5"
"1144";"Porites astreoides";"Growth rate";"2.1"
"1145";"Porites astreoides";"Growth rate";"1.7"
"1146";"Porites astreoides";"Growth rate";"1.7"
"1147";"Porites astreoides";"Growth rate";"1.6"
"1148";"Porites astreoides";"Growth rate";"1.4"
"1149";"Coelastrea aspera";"Growth rate";"4.1"
"1150";"Coelastrea aspera";"Growth rate";"3.9"
"1151";"Goniastrea favulus";"Growth rate";"3.8"
"1152";"Goniastrea favulus";"Growth rate";"4.3"
"1153";"Platygyra sinensis";"Growth rate";"6.4"
"1154";"Platygyra sinensis";"Growth rate";"6.8"
"1155";"Stylophora pistillata";"Growth rate";"30.98861538"
"1156";"Stylophora pistillata";"Growth rate";"31.64861538"
"1157";"Stylophora pistillata";"Growth rate";"24.31292308"
"1158";"Stylophora pistillata";"Growth rate";"23.32430769"
"1159";"Stylophora pistillata";"Growth rate";"18.87323077"
"1160";"Stylophora pistillata";"Growth rate";"19.28584615"
"1161";"Stylophora pistillata";"Growth rate";"23.81907692"
"1162";"Stylophora pistillata";"Growth rate";"16.31907692"
"1163";"Stylophora pistillata";"Growth rate";"20.68707692"
"1164";"Stylophora pistillata";"Growth rate";"19.12061538"
"1165";"Stylophora pistillata";"Growth rate";"15.08215385"
"1166";"Stylophora pistillata";"Growth rate";"16.31907692"
"1167";"Porites lutea";"Growth rate";"23.02"
"1168";"Porites lutea";"Growth rate";"22.52"
"1169";"Porites lutea";"Growth rate";"22.13"
"1170";"Porites lutea";"Growth rate";"23.76"
"1171";"Porites lutea";"Growth rate";"21.83"
"1172";"Porites lutea";"Growth rate";"18.27"
"1173";"Porites lutea";"Growth rate";"23.91"
"1174";"Porites lutea";"Growth rate";"18.76"
"1175";"Porites lutea";"Growth rate";"20.5"
"1176";"Porites lutea";"Growth rate";"16.73"
"1177";"Porites lutea";"Growth rate";"14.16"
"1178";"Acropora cervicornis";"Growth rate";"0.629"
"1179";"Acropora cervicornis";"Growth rate";"0.621"
"1180";"Acropora cervicornis";"Growth rate";"0.826"
"1181";"Acropora cervicornis";"Growth rate";"0.301"
"1182";"Acropora cervicornis";"Growth rate";"0.39"
"1183";"Acropora cervicornis";"Growth rate";"0.46"
"1184";"Acropora eurystoma";"Growth rate";"30.8"
"1185";"Acropora eurystoma";"Growth rate";"9.6"
"1186";"Stylophora pistillata";"Growth rate";"19.2"
"1187";"Stylophora pistillata";"Growth rate";"16.3"
"1188";"Montipora verrucosa";"Growth rate";"13.634"
"1189";"Montipora verrucosa";"Growth rate";"13.634"
"1190";"Montipora verrucosa";"Growth rate";"22.222"
"1191";"Porites compressa";"Growth rate";"12.372"
"1192";"Porites compressa";"Growth rate";"14.895"
"1193";"Porites compressa";"Growth rate";"13.333"
"1194";"Porites lobata";"Growth rate";"4.625"
"1195";"Porites lobata";"Growth rate";"4.805"
"1196";"Porites lobata";"Growth rate";"3.423"
"1197";"Dendrogyra cylindrus";"Growth rate";"18.236"
"1198";"Dendrogyra cylindrus";"Growth rate";"20.014"
"1199";"Porites lutea";"Growth rate";"5.66"
"1200";"Porites lutea";"Growth rate";"3"
"1201";"Porites lobata";"Growth rate";"3.4"
"1202";"Porites lobata";"Growth rate";"4.9"
"1203";"Porites lobata";"Growth rate";"0.6"
"1204";"Porites lobata";"Growth rate";"1"
"1205";"Porites lobata";"Growth rate";"1.8"
"1206";"Porites lobata";"Growth rate";"2.1"
"1207";"Porites lobata";"Growth rate";"1.6"
"1208";"Porites lobata";"Growth rate";"1.3"
"1209";"Porites lutea";"Growth rate";"19.21"
"1210";"Porites lutea";"Growth rate";"17.08"
"1211";"Porites lutea";"Growth rate";"16.83"
"1212";"Porites lutea";"Growth rate";"21.59"
"1213";"Porites lutea";"Growth rate";"15.31"
"1214";"Porites lutea";"Growth rate";"16.1"
"1215";"Porites lutea";"Growth rate";"19.11"
"1216";"Porites lutea";"Growth rate";"15.42"
"1217";"Montastraea cavernosa";"Growth rate";"0.15"
"1218";"Porites astreoides";"Growth rate";"0.25"
"1219";"Montastraea cavernosa";"Growth rate";"0.13"
"1220";"Porites astreoides";"Growth rate";"0.1"
"1221";"Montastraea cavernosa";"Growth rate";"0.15"
"1222";"Porites astreoides";"Growth rate";"0.21"
"1223";"Montastraea cavernosa";"Growth rate";"0.3"
"1224";"Porites astreoides";"Growth rate";"0.17"
"1225";"Montastraea cavernosa";"Growth rate";"0.36"
"1226";"Porites astreoides";"Growth rate";"0.32"
"1227";"Montastraea cavernosa";"Growth rate";"0.32"
"1228";"Porites astreoides";"Growth rate";"0.4"
"1229";"Montastraea cavernosa";"Growth rate";"0.46"
"1230";"Porites astreoides";"Growth rate";"0.24"
"1231";"Montastraea cavernosa";"Growth rate";"0.16"
"1232";"Porites astreoides";"Growth rate";"0.1"
"1233";"Montastraea cavernosa";"Growth rate";"0.33"
"1234";"Porites astreoides";"Growth rate";"0.28"
"1235";"Montastraea cavernosa";"Growth rate";"0.42"
"1236";"Porites astreoides";"Growth rate";"0.38"
"1237";"Montastraea cavernosa";"Growth rate";"0.53"
"1238";"Porites astreoides";"Growth rate";"0.62"
"1239";"Montastraea cavernosa";"Growth rate";"0.48"
"1240";"Porites astreoides";"Growth rate";"0.37"
"1241";"Porites astreoides";"Growth rate";"4.3"
"1242";"Porites astreoides";"Growth rate";"3.5"
"1243";"Acropora hemprichii";"Growth rate";"1.3"
"1244";"Acropora hemprichii";"Growth rate";"3.7"
"1245";"Acropora hemprichii";"Growth rate";"4.6"
"1246";"Acropora hemprichii";"Growth rate";"7.6"
"1247";"Acropora pharaonis";"Growth rate";"0.9"
"1248";"Acropora pharaonis";"Growth rate";"7"
"1249";"Acropora pharaonis";"Growth rate";"6.8"
"1250";"Acropora pharaonis";"Growth rate";"8.3"
"1251";"Stylophora pistillata";"Growth rate";"5.8"
"1252";"Stylophora pistillata";"Growth rate";"6.3"
"1253";"Stylophora pistillata";"Growth rate";"7.3"
"1254";"Stylophora pistillata";"Growth rate";"8.5"
"1255";"Acropora hemprichii";"Growth rate";"15.04"
"1256";"Acropora hemprichii";"Growth rate";"6.28"
"1257";"Acropora hemprichii";"Growth rate";"5.8"
"1258";"Acropora hemprichii";"Growth rate";"4.75"
"1259";"Porites lutea";"Growth rate";"15.2"
"1260";"Porites nodifera";"Growth rate";"11.2"
"1261";"Porites lobata";"Growth rate";"8"
"1262";"Porites lobata";"Growth rate";"9"
"1263";"Porites lobata";"Growth rate";"19"
"1264";"Porites lutea";"Growth rate";"15"
"1265";"Porites lutea";"Growth rate";"12"
"1266";"Porites lutea";"Growth rate";"14"
"1267";"Porites mayeri";"Growth rate";"13"
"1268";"Orbicella annularis";"Growth rate";"9.17"
"1269";"Orbicella annularis";"Growth rate";"9.95"
"1270";"Orbicella annularis";"Growth rate";"10.41"
"1271";"Orbicella annularis";"Growth rate";"9.69"
"1272";"Orbicella annularis";"Growth rate";"6.54"
"1273";"Orbicella annularis";"Growth rate";"2.06"
"1274";"Orbicella annularis";"Growth rate";"1.56"
"1275";"Diploria labyrinthiformis";"Growth rate";"3.5"
"1276";"Porites lutea";"Growth rate";"8.4"
"1277";"Porites lutea";"Growth rate";"3"
"1278";"Orbicella faveolata";"Growth rate";"7.9"
"1279";"Orbicella annularis";"Growth rate";"6.34"
"1280";"Montastraea cavernosa";"Growth rate";"4.36"
"1281";"Porites astreoides";"Growth rate";"4.75"
"1282";"Orbicella faveolata";"Growth rate";"11.2"
"1283";"Porites solida";"Growth rate";"7.2"
"1284";"Porites furcata";"Growth rate";"53.3"
"1285";"Acropora austera";"Growth rate";"62.9"
"1286";"Acropora digitifera";"Growth rate";"37.6"
"1287";"Acropora muricata";"Growth rate";"58.5"
"1288";"Acropora gemmifera";"Growth rate";"24"
"1289";"Acropora lamarcki";"Growth rate";"32.4"
"1290";"Acropora nasuta";"Growth rate";"52.8"
"1291";"Fungia fungites";"Growth rate";"2"
"1292";"Hydnophora microconos";"Growth rate";"6.3"
"1293";"Leptastrea purpurea";"Growth rate";"1.8"
"1294";"Pocillopora meandrina";"Growth rate";"18.7"
"1295";"Porites cylindrica";"Growth rate";"7.4"
"1296";"Porites lobata";"Growth rate";"14.8"
"1297";"Porites lutea";"Growth rate";"22.5"
"1298";"Porites lutea";"Growth rate";"21.9"
"1299";"Porites lutea";"Growth rate";"20.9"
"1300";"Porites lutea";"Growth rate";"23.2"
"1301";"Porites lutea";"Growth rate";"21.9"
"1302";"Porites lutea";"Growth rate";"18"
"1303";"Porites lutea";"Growth rate";"23.2"
"1304";"Porites lutea";"Growth rate";"18.4"
"1305";"Porites lutea";"Growth rate";"20.2"
"1306";"Porites lutea";"Growth rate";"16.3"
"1307";"Porites lutea";"Growth rate";"13.7"
"1308";"Agaricia agaricites";"Growth rate";"4.8"
"1309";"Siderastrea siderea";"Growth rate";"5.4"
"1310";"Acropora granulosa";"Growth rate";"5.9"
"1311";"Acropora granulosa";"Growth rate";"6.34"
"1312";"Porites astreoides";"Growth rate";"6.5"
"1313";"Stylophora pistillata";"Growth rate";"6.51"
"1314";"Pocillopora damicornis";"Growth rate";"6.6"
"1315";"Orbicella annularis";"Growth rate";"7"
"1316";"Pocillopora damicornis";"Growth rate";"7.39"
"1317";"Stylophora pistillata";"Growth rate";"7.48"
"1318";"Orbicella annularis";"Growth rate";"7.6"
"1319";"Mussismilia braziliensis";"Growth rate";"8"
"1320";"Acropora granulosa";"Growth rate";"9.24"
"1321";"Stylophora pistillata";"Growth rate";"9.24"
"1322";"Orbicella annularis";"Growth rate";"12"
"1323";"Orbicella annularis";"Growth rate";"12.2"
"1324";"Pocillopora verrucosa";"Growth rate";"17.88"
"1325";"Pocillopora damicornis";"Growth rate";"22.4"
"1326";"Pocillopora damicornis";"Growth rate";"30.8"
"1327";"Acropora aspera";"Growth rate";"34.95"
"1328";"Pocillopora verrucosa";"Growth rate";"37.6"
"1329";"Pocillopora damicornis";"Growth rate";"38.6"
"1330";"Acropora muricata";"Growth rate";"40.15"
"1331";"Acropora aspera";"Growth rate";"52.65"
"1332";"Porites lutea";"Growth rate";"17.7"
"1333";"Pocillopora damicornis";"Growth rate";"13.25"
"1334";"Acropora muricata";"Growth rate";"52.2"
"1335";"Acropora muricata";"Growth rate";"39.95"
"1336";"Acropora muricata";"Growth rate";"65.5"
"1337";"Orbicella annularis";"Growth rate";"8.55"
"1338";"Orbicella annularis";"Growth rate";"8.76"
"1339";"Porites cylindrica";"Growth rate";"12.85"
"1340";"Porites lobata";"Growth rate";"7.6"
"1341";"Porites lobata";"Growth rate";"10.4"
"1342";"Porites lobata";"Growth rate";"18.8"
"1343";"Porites lobata";"Growth rate";"9.9"
"1344";"Porites lobata";"Growth rate";"10.7"
"1345";"Porites lobata";"Growth rate";"13.3"
"1346";"Porites lobata";"Growth rate";"3"
"1347";"Porites lobata";"Growth rate";"13"
"1348";"Acropora spicifera";"Growth rate";"104.2"
"1349";"Montipora verrucosa";"Growth rate";"32.5"
"1350";"Acropora spicifera";"Growth rate";"105.2"
"1351";"Acropora spicifera";"Growth rate";"123.6"
"1352";"Acropora palmata";"Growth rate";"62.5"
"1353";"Meandrina meandrites";"Growth rate";"1.22"
"1354";"Porites astreoides";"Growth rate";"4.07"
"1355";"Diploria labyrinthiformis";"Growth rate";"4.33"
"1356";"Orbicella franksi";"Growth rate";"5.63"
"1357";"Colpophyllia natans";"Growth rate";"6.34"
"1358";"Montastraea cavernosa";"Growth rate";"6.45"
"1359";"Siderastrea siderea";"Growth rate";"7.47"
"1360";"Orbicella annularis";"Growth rate";"7.85"
"1361";"Acropora palmata";"Growth rate";"71"
"1362";"Acropora cervicornis";"Growth rate";"102"
"1363";"Madracis mirabilis";"Growth rate";"22"
"1364";"Endopachys bulbosa";"Growth rate";"25"
"1365";"Lobactis scutaria";"Growth rate";"4.6"
"1366";"Psammocora stellata";"Growth rate";"5.7"
"1367";"Porites lobata";"Growth rate";"7.1"
"1368";"Porites compressa";"Growth rate";"7.3"
"1369";"Porites compressa";"Growth rate";"10.8"
"1370";"Porites evermanni";"Growth rate";"11.6"
"1371";"Porites lutea";"Growth rate";"11.6"
"1372";"Pocillopora damicornis";"Growth rate";"13.9"
"1373";"Montipora verrucosa";"Growth rate";"14"
"1374";"Pocillopora ligulata";"Growth rate";"14.5"
"1375";"Pocillopora meandrina";"Growth rate";"14.8"
"1376";"Lobactis scutaria";"Growth rate";"16.4"
"1377";"Siderastrea siderea";"Growth rate";"4.7"
"1378";"Porites lobata";"Growth rate";"10.1"
"1379";"Balanophyllia europaea";"Growth rate";"1.49"
"1380";"Acropora humilis";"Growth rate";"9.6"
"1381";"Acropora humilis";"Growth rate";"23.7"
"1382";"Acropora cytherea";"Growth rate";"66.7"
"1383";"Acropora cytherea";"Growth rate";"93.2"
"1384";"Acropora valida";"Growth rate";"45"
"1385";"Lobactis scutaria";"Growth rate";"5.9"
"1386";"Lobactis scutaria";"Growth rate";"10.3"
"1387";"Montipora verrilli";"Growth rate";"17.2"
"1388";"Pavona duerdeni";"Growth rate";"8.6"
"1389";"Pavona duerdeni";"Growth rate";"11.8"
"1390";"Pavona maldivensis";"Growth rate";"11"
"1391";"Pavona maldivensis";"Growth rate";"13.1"
"1392";"Pocillopora eydouxi";"Growth rate";"50.4"
"1393";"Pocillopora meandrina";"Growth rate";"23"
"1394";"Porites lobata";"Growth rate";"7.1"
"1395";"Porites lutea";"Growth rate";"7.8"
"1396";"Porites astreoides";"Growth rate";"4.25"
"1397";"Acropora palmata";"Growth rate";"65"
"1398";"Acropora cervicornis";"Growth rate";"111.2"
"1399";"Pocillopora eydouxi";"Growth rate";"20"
"1400";"Pocillopora eydouxi";"Growth rate";"47"
"1401";"Acropora palmata";"Growth rate";"88"
"1402";"Orbicella annularis";"Growth rate";"8"
"1403";"Agaricia agaricites";"Growth rate";"24"
"1404";"Porites lutea";"Growth rate";"9.76"
"1405";"Orbicella annularis";"Growth rate";"3"
"1406";"Orbicella annularis";"Growth rate";"4"
"1407";"Agaricia agaricites";"Growth rate";"4.5"
"1408";"Agaricia lamarcki";"Growth rate";"4.5"
"1409";"Agaricia lamarcki";"Growth rate";"4.5"
"1410";"Orbicella annularis";"Growth rate";"4.5"
"1411";"Agaricia lamarcki";"Growth rate";"5.5"
"1412";"Agaricia agaricites";"Growth rate";"6"
"1413";"Agaricia agaricites";"Growth rate";"6.5"
"1414";"Porites astreoides";"Growth rate";"7.8"
"1415";"Porites astreoides";"Growth rate";"8"
"1416";"Pocillopora damicornis";"Growth rate";"42"
"1417";"Porites porites";"Growth rate";"13.3"
"1418";"Acropora hemprichii";"Growth rate";"9.6"
"1419";"Acropora pharaonis";"Growth rate";"14.7"
"1420";"Stylophora pistillata";"Growth rate";"19.4"
"1421";"Acropora muricata";"Growth rate";"52.8"
"1422";"Acropora muricata";"Growth rate";"111.54"
"1423";"Acropora muricata";"Growth rate";"120.96"
"1424";"Acropora palmata";"Growth rate";"88"
"1425";"Acropora cervicornis";"Growth rate";"109"
"1426";"Acropora pulchra";"Growth rate";"166"
"1427";"Acropora cervicornis";"Growth rate";"110"
"1428";"Lophelia pertusa";"Growth rate";"19.9"
"1429";"Porites compressa";"Growth rate";"7.66"
"1430";"Porites compressa";"Growth rate";"8.13"
"1431";"Porites lobata";"Growth rate";"5.3"
"1432";"Porites lutea";"Growth rate";"7"
"1433";"Porites lutea";"Growth rate";"15.4"
"1434";"Porites lutea";"Growth rate";"18.4"
"1435";"Porites lutea";"Growth rate";"20"
"1436";"Orbicella annularis";"Growth rate";"12"
"1437";"Porites lutea";"Growth rate";"10.5"
"1438";"Diploastrea heliopora";"Growth rate";"3.5"
"1439";"Porites lobata";"Growth rate";"3.02"
"1440";"Porites lobata";"Growth rate";"8.02"
"1441";"Porites lobata";"Growth rate";"10.81"
"1442";"Porites lobata";"Growth rate";"11.57"
"1443";"Porites lobata";"Growth rate";"11.6"
"1444";"Porites lobata";"Growth rate";"13.49"
"1445";"Psammocora superficialis";"Growth rate";"2"
"1446";"Psammocora superficialis";"Growth rate";"2.5"
"1447";"Paragoniastrea australensis";"Growth rate";"5.6"
"1448";"Cyphastrea serailia";"Growth rate";"7.2"
"1449";"Porites lobata";"Growth rate";"13"
"1450";"Pseudodiploria strigosa";"Growth rate";"3.33"
"1451";"Diploria labyrinthiformis";"Growth rate";"3.71"
"1452";"Dipsastraea speciosa";"Growth rate";"6.6"
"1453";"Orbicella annularis";"Growth rate";"8.8"
"1454";"Orbicella annularis";"Growth rate";"12.4"
"1455";"Orbicella franksi";"Growth rate";"2.3"
"1456";"Cladocora caespitosa";"Growth rate";"3.46"
"1457";"Agaricia agaricites";"Growth rate";"3.5"
"1458";"Siderastrea siderea";"Growth rate";"4.02"
"1459";"Siderastrea siderea";"Growth rate";"4.1"
"1460";"Siderastrea siderea";"Growth rate";"4.8"
"1461";"Porites astreoides";"Growth rate";"5.25"
"1462";"Pseudodiploria strigosa";"Growth rate";"5.6"
"1463";"Porites astreoides";"Growth rate";"5.9"
"1464";"Orbicella annularis";"Growth rate";"6.8"
"1465";"Orbicella annularis";"Growth rate";"7.2"
"1466";"Orbicella annularis";"Growth rate";"7.2"
"1467";"Orbicella annularis";"Growth rate";"7.56"
"1468";"Orbicella annularis";"Growth rate";"8"
"1469";"Orbicella faveolata";"Growth rate";"8"
"1470";"Orbicella faveolata";"Growth rate";"8.1"
"1471";"Orbicella annularis";"Growth rate";"8.3"
"1472";"Orbicella annularis";"Growth rate";"8.9"
"1473";"Orbicella annularis";"Growth rate";"9.1"
"1474";"Orbicella faveolata";"Growth rate";"9.5"
"1475";"Orbicella faveolata";"Growth rate";"10.1"
"1476";"Cyphastrea serailia";"Growth rate";"10.4"
"1477";"Orbicella annularis";"Growth rate";"11"
"1478";"Porites lutea";"Growth rate";"11.3"
"1479";"Orbicella annularis";"Growth rate";"11.7"
"1480";"Orbicella faveolata";"Growth rate";"12.6"
"1481";"Solenastrea hyades";"Growth rate";"15"
"1482";"Porites lutea";"Growth rate";"17.73"
"1483";"Pseudodiploria strigosa";"Growth rate";"4.45"
"1484";"Orbicella annularis";"Growth rate";"9.75"
"1485";"Balanophyllia europaea";"Growth rate";"1.08"
"1486";"Balanophyllia europaea";"Growth rate";"0.96"
"1487";"Balanophyllia europaea";"Growth rate";"1.12"
"1488";"Balanophyllia europaea";"Growth rate";"1.15"
"1489";"Balanophyllia europaea";"Growth rate";"1.17"
"1490";"Orbicella annularis";"Growth rate";"2"
"1491";"Lophelia pertusa";"Growth rate";"5.5"
"1492";"Orbicella annularis";"Growth rate";"6"
"1493";"Porites lutea";"Growth rate";"13"
"1494";"Pocillopora damicornis";"Growth rate";"33.6"
"1495";"Acropora prolifera";"Growth rate";"37"
"1496";"Pocillopora damicornis";"Growth rate";"39.6"
"1497";"Acropora cervicornis";"Growth rate";"45"
"1498";"Pocillopora damicornis";"Growth rate";"45"
"1499";"Acropora cervicornis";"Growth rate";"145"
"1500";"Pocillopora damicornis";"Growth rate";"13.45"
"1501";"Siderastrea radians";"Growth rate";"3.25"
"1502";"Siderastrea siderea";"Growth rate";"1.9"
"1503";"Pseudodiploria strigosa";"Growth rate";"6.75"
"1504";"Porites astreoides";"Growth rate";"8.75"
"1505";"Pseudodiploria clivosa";"Growth rate";"6.4"
"1506";"Porites porites";"Growth rate";"14.15"
"1507";"Porites furcata";"Growth rate";"15.9"
"1508";"Pocillopora damicornis";"Growth rate";"25"
"1509";"Acropora palmata";"Growth rate";"32.5"
"1510";"Pocillopora damicornis";"Growth rate";"48"
"1511";"Acropora cervicornis";"Growth rate";"42.5"
"1512";"Acropora muricata";"Growth rate";"118.5"
"1513";"Acropora pulchra";"Growth rate";"136.5"
"1514";"Acropora abrotanoides";"Growth rate";"127.5"
